epoch,time,loss,accuracy,perplexity,split
0,6437.409292459488,3.7189451923695613,0.14716800693046983,96.26922590265099,train
0,561.0753519535065,3.1948664250479433,0.19021308769869877,25.906663180717466,val
