epoch,time,loss,accuracy,perplexity,split
0,6497.828171253204,2.4146632167934743,0.27994621892851396,11.686309494931422,train
1,6454.882643938065,2.3842007654711788,0.28435531778135886,11.323106818555615,train
2,6427.560695886612,2.360127061477933,0.2879178835041099,11.03825134766543,train
0,577.7355237007141,2.6486112509592132,0.24895707356439323,14.961350201120554,val
1,567.9567151069641,2.642956172933996,0.2507325957487532,14.888021731892602,val
2,571.3734238147736,2.6398017875021527,0.2501887938670465,14.883244227571108,val
