epoch,time,loss,accuracy,perplexity,split
0,6548.163371324539,2.3710048837503317,0.28681535616689596,11.174056603555682,train
1,6444.922115325928,2.34235190895142,0.2912118490565012,10.846861076150947,train
2,6445.079968690872,2.32081313122588,0.29400176824727575,10.60652597179168,train
0,581.599319934845,2.640694633343739,0.25046038675245236,14.886935089242836,val
1,565.4027316570282,2.6374564300725734,0.2514265646429655,14.86089688782483,val
2,566.0320153236389,2.633616337328624,0.2516079698288537,14.77052076881593,val
